상권_코드,상권_명,행정동,업종_대분류,업종_중분류,점포수,총매출,유동인구,주거인구,직장인구,평균_영업기간,신규점포수,폐업점포수
200001,신촌 상권,신촌동,음식,양식,101,160268,13284,7265,40194,4.9,5,3
200002,압구정 상권,압구정동,소매,서점,31,371879,58101,3433,8311,9.9,1,11
200003,상도 상권,상도동,서비스,학원,118,967040,43434,26658,21431,3.3,14,2
200004,성수 상권,성수동,소매,잡화,93,952648,13394,4556,6890,7.0,9,6
200005,상봉 상권,상봉동,음식,일식,43,255041,45001,12016,26897,1.4,4,11
200006,수유 상권,수유동,소매,잡화,37,946942,42994,15541,38920,3.0,8,3
200007,홍대입구 상권,홍대입구동,서비스,세탁,33,221829,11692,7873,74211,9.4,14,3
200008,구로디지털 상권,구로디지털동,소매,잡화,69,270884,25247,25300,77065,5.6,8,9
200009,구의 상권,구의동,음식,한식,186,887646,51216,3568,65592,2.4,8,10
200010,신림 상권,신림동,음식,양식,192,179312,14666,39660,6561,3.9,9,11
200011,신촌 상권,신촌동,음식,일식,191,888688,25599,36222,66335,3.1,3,0
200012,명동 상권,명동동,음식,양식,30,264020,58537,34270,9910,2.9,11,8
200013,수유 상권,수유동,소매,의류,71,597707,52636,23403,21141,1.8,7,10
200014,중랑 상권,중랑동,음식,양식,115,465515,45585,3693,72163,4.5,14,10
200015,상도 상권,상도동,소매,잡화,158,702664,3306,7776,58016,3.4,6,7
200016,신정 상권,신정동,음식,분식,80,587833,2663,35766,76530,3.6,8,8
200017,목동 상권,목동동,음식,한식,81,264283,54733,24938,26664,1.9,8,0
200018,신정 상권,신정동,음식,중식,159,687147,48645,1854,41623,9.1,3,1
200019,여의도 상권,여의도동,서비스,숙박,152,980192,27342,38157,70863,5.0,2,5
200020,성북 상권,성북동,소매,편의점,153,660490,46357,16708,52811,3.6,4,2
200021,상도 상권,상도동,소매,화장품,177,708271,3734,19227,11680,7.1,7,1
200022,압구정 상권,압구정동,음식,양식,180,858350,22445,31306,19646,6.8,10,8
200023,목동 상권,목동동,음식,중식,158,415871,49357,21932,32855,6.5,9,8
200024,명동 상권,명동동,소매,화장품,177,580583,57349,13183,32299,1.3,8,3
200025,이태원 상권,이태원동,서비스,수리,141,707917,40360,17482,5200,0.5,14,1
200026,홍대입구 상권,홍대입구동,서비스,수리,198,668467,26736,39467,26328,5.2,4,7
200027,압구정 상권,압구정동,소매,화장품,174,906703,46064,5555,43818,6.5,6,5
200028,이태원 상권,이태원동,음식,양식,37,200810,32746,33352,42790,5.2,5,11
200029,중랑 상권,중랑동,소매,잡화,64,946048,42447,9208,59491,9.4,13,4
200030,이태원 상권,이태원동,소매,잡화,66,461927,5420,32216,3301,9.7,3,11
200031,강남역 상권,강남역동,소매,서점,189,318246,52336,20778,29641,5.8,6,9
200032,명동 상권,명동동,서비스,세탁,61,54014,13093,19070,38777,2.9,10,1
200033,상도 상권,상도동,음식,한식,166,443002,14533,6801,22190,4.5,2,8
200034,청량리 상권,청량리동,음식,일식,164,270984,47091,5780,5368,1.2,14,11
200035,신림 상권,신림동,소매,잡화,127,716326,35621,29312,55921,5.7,13,5
200036,상도 상권,상도동,서비스,미용,199,439957,55006,30749,18338,1.7,1,7
200037,여의도 상권,여의도동,음식,일식,35,771772,58179,33093,72678,7.1,8,3
200038,왕십리 상권,왕십리동,음식,중식,153,920045,28258,22136,76847,3.1,12,9
200039,신대방 상권,신대방동,서비스,학원,146,318093,53990,2150,77740,1.1,10,0
200040,수유 상권,수유동,서비스,미용,146,423632,5343,14500,56222,6.7,5,5
200041,중랑 상권,중랑동,소매,화장품,105,562153,3679,4506,16284,1.6,13,11
200042,잠실 상권,잠실동,소매,편의점,123,128781,31124,30899,46919,1.4,5,6
200043,건대입구 상권,건대입구동,음식,분식,52,940617,25049,15069,71385,3.0,10,9
200044,신림 상권,신림동,서비스,미용,98,590652,6611,28663,54991,9.5,2,0
200045,당산 상권,당산동,소매,잡화,181,764635,8833,12938,38195,1.7,13,2
200046,종로3가 상권,종로3가동,음식,일식,96,541072,40304,4913,23764,1.2,14,1
200047,중랑 상권,중랑동,소매,의류,64,601638,29472,29761,28351,4.2,10,9
200048,미아 상권,미아동,서비스,수리,134,856790,5267,18209,41513,6.5,13,7
200049,건대입구 상권,건대입구동,음식,분식,193,880857,40756,19888,38735,8.2,1,2
200050,왕십리 상권,왕십리동,서비스,미용,125,794086,9357,33479,64476,2.8,7,6
200051,구의 상권,구의동,소매,편의점,59,948320,46912,15397,44555,8.4,6,10
200052,신림 상권,신림동,음식,일식,169,245004,9400,25466,39939,3.9,12,3
200053,신림 상권,신림동,서비스,학원,98,677083,25576,32667,14130,2.5,5,6
200054,왕십리 상권,왕십리동,음식,분식,71,595977,13174,23925,12348,7.5,13,10
200055,종로3가 상권,종로3가동,서비스,숙박,38,204697,19337,36307,75592,1.5,7,7
200056,노량진 상권,노량진동,음식,중식,56,855497,19924,23556,57693,9.9,13,0
200057,성북 상권,성북동,음식,한식,74,927699,37909,24803,22870,5.1,12,5
200058,신촌 상권,신촌동,소매,의류,119,799074,30710,16485,47482,2.9,2,11
200059,미아 상권,미아동,서비스,숙박,90,206542,44344,15683,64629,4.3,12,0
200060,구의 상권,구의동,음식,분식,163,510857,38395,23700,37620,3.6,6,4
200061,종로3가 상권,종로3가동,음식,일식,176,325987,46472,7190,20640,2.6,1,4
200062,성북 상권,성북동,서비스,수리,173,222502,26504,8114,13975,1.0,6,11
200063,청량리 상권,청량리동,음식,중식,121,564723,38487,20129,34921,3.0,5,8
200064,건대입구 상권,건대입구동,소매,편의점,190,367428,59043,36547,30532,9.2,13,5
200065,상봉 상권,상봉동,소매,서점,76,179473,2009,20255,61141,8.7,13,4
200066,신대방 상권,신대방동,음식,한식,175,975919,48318,24833,7158,4.2,11,10
200067,천호 상권,천호동,음식,한식,127,912312,42034,9702,3384,0.6,7,5
200068,당산 상권,당산동,음식,분식,124,715220,40757,16106,53612,6.1,5,4
200069,노량진 상권,노량진동,서비스,수리,174,556964,58397,39765,37816,9.6,13,3
200070,미아 상권,미아동,음식,한식,61,142193,38187,8239,17489,5.2,6,5
200071,명동 상권,명동동,소매,의류,41,690053,10427,25285,40626,4.3,7,4
200072,여의도 상권,여의도동,서비스,세탁,104,365826,17781,14051,9949,6.3,2,10
200073,신림 상권,신림동,소매,의류,81,406600,55413,32703,45318,4.3,7,9
200074,신림 상권,신림동,음식,분식,58,483027,51289,20856,22963,1.1,5,1
200075,이태원 상권,이태원동,음식,중식,155,479802,14015,7254,20144,4.9,11,5
200076,왕십리 상권,왕십리동,음식,양식,125,413714,35434,5188,78697,6.2,3,2
200077,여의도 상권,여의도동,음식,중식,121,939513,38668,24061,42749,1.6,9,11
200078,상도 상권,상도동,서비스,세탁,107,141865,48892,17282,26624,1.4,9,5
200079,수유 상권,수유동,서비스,수리,92,430975,54796,5432,67291,8.2,1,2
200080,중랑 상권,중랑동,소매,의류,57,123686,4125,17748,7621,1.9,3,6
200081,명동 상권,명동동,소매,화장품,47,680265,25333,35674,38854,1.5,7,4
200082,당산 상권,당산동,서비스,미용,46,145462,8229,5632,6596,6.1,4,9
200083,명동 상권,명동동,음식,분식,175,76734,8371,27069,15910,7.6,1,11
200084,신림 상권,신림동,서비스,미용,130,244053,21123,35529,78703,5.2,6,4
200085,구의 상권,구의동,음식,분식,179,166421,3605,6622,75303,2.0,11,7
200086,신대방 상권,신대방동,음식,양식,60,840756,12787,10111,41110,9.0,4,11
200087,종로3가 상권,종로3가동,소매,편의점,123,849666,40328,1846,13954,5.9,3,11
200088,잠실 상권,잠실동,서비스,세탁,147,114323,28386,37976,70584,6.3,6,4
200089,미아 상권,미아동,소매,잡화,106,559930,49362,21128,62383,1.8,7,9
200090,성수 상권,성수동,서비스,학원,197,307665,36387,9512,4342,7.0,1,8
200091,종로3가 상권,종로3가동,소매,화장품,123,92078,42752,18988,15219,9.7,14,4
200092,청량리 상권,청량리동,소매,편의점,191,396699,10162,6415,39159,6.0,13,7
200093,종로3가 상권,종로3가동,음식,분식,43,998027,25325,22204,18524,8.2,11,9
200094,미아 상권,미아동,음식,분식,71,527272,45303,10510,32287,4.1,3,5
200095,강남역 상권,강남역동,소매,편의점,182,642016,36016,12246,48558,5.6,5,7
200096,압구정 상권,압구정동,소매,화장품,163,273810,33110,18586,27519,7.1,4,0
200097,목동 상권,목동동,서비스,수리,193,625644,12789,33184,69656,7.2,11,6
200098,강남역 상권,강남역동,서비스,숙박,115,895633,34265,38380,46872,1.5,13,3
200099,선릉 상권,선릉동,소매,서점,165,114772,16382,19755,6756,7.3,3,2
200100,건대입구 상권,건대입구동,서비스,수리,56,645603,14298,15153,79325,2.7,7,9
200101,구로디지털 상권,구로디지털동,소매,잡화,170,909751,46241,18368,18328,0.7,12,10
200102,성수 상권,성수동,음식,분식,101,50126,54329,28632,68310,6.3,6,2
200103,중랑 상권,중랑동,서비스,미용,40,719078,36560,12053,25116,9.9,14,3
200104,성북 상권,성북동,소매,편의점,30,150158,55173,38430,42282,6.1,5,8
200105,여의도 상권,여의도동,음식,중식,86,934377,15224,26150,66731,5.6,11,5
200106,홍대입구 상권,홍대입구동,소매,의류,191,348512,8783,5971,70526,2.1,5,7
200107,강남역 상권,강남역동,음식,분식,92,841189,21097,11395,19241,6.8,7,0
200108,목동 상권,목동동,음식,한식,177,364997,26917,32195,24566,10.0,1,6
200109,강남역 상권,강남역동,음식,양식,152,501282,29965,3079,5717,2.3,13,7
200110,신림 상권,신림동,서비스,미용,107,874690,50302,29865,9645,4.7,2,5
200111,신림 상권,신림동,소매,잡화,158,626775,14342,14087,78629,5.5,1,6
200112,신대방 상권,신대방동,서비스,학원,37,947336,12998,31678,79218,5.3,8,5
200113,구의 상권,구의동,소매,서점,96,89986,26160,21059,67929,8.2,8,7
200114,구로디지털 상권,구로디지털동,소매,잡화,194,963589,57764,22389,69358,9.0,7,9
200115,신촌 상권,신촌동,음식,분식,176,987583,38220,14859,53460,4.5,2,0
200116,수유 상권,수유동,음식,일식,40,677433,17358,35177,79918,3.0,5,4
200117,이태원 상권,이태원동,서비스,미용,82,188155,57138,18771,32975,1.6,14,7
200118,신정 상권,신정동,서비스,미용,143,85954,29856,3573,38367,7.1,9,6
200119,사당 상권,사당동,서비스,수리,33,892393,43401,12372,77532,0.7,2,4
200120,노량진 상권,노량진동,음식,중식,46,989684,33896,13875,4622,1.5,6,4
200121,신정 상권,신정동,음식,양식,197,801883,48828,9646,62052,8.5,5,11
200122,미아 상권,미아동,서비스,세탁,83,242192,21250,22172,14555,7.8,13,4
200123,종로3가 상권,종로3가동,소매,잡화,142,467978,13046,32463,31769,4.3,8,5
200124,성북 상권,성북동,음식,한식,65,255550,50275,2762,34987,1.0,14,10
200125,선릉 상권,선릉동,소매,의류,183,549137,3524,35888,18048,3.8,1,8
200126,중랑 상권,중랑동,소매,의류,54,325494,26354,29145,37020,0.5,3,5
200127,홍대입구 상권,홍대입구동,소매,서점,73,295690,6090,7960,38772,8.0,9,6
200128,천호 상권,천호동,소매,잡화,91,749983,26791,1338,74431,6.6,1,6
200129,잠실 상권,잠실동,서비스,미용,118,825435,13918,26064,30935,7.2,7,0
200130,신대방 상권,신대방동,서비스,학원,115,930889,18774,38198,11820,7.4,3,7
200131,상봉 상권,상봉동,소매,서점,111,872494,56237,26510,22426,3.5,10,6
200132,천호 상권,천호동,서비스,수리,137,932875,59132,14409,5983,4.7,7,11
200133,신촌 상권,신촌동,소매,편의점,33,891052,17317,8564,30345,5.4,13,9
200134,성수 상권,성수동,서비스,세탁,84,173618,54393,1545,32430,2.3,2,2
200135,신정 상권,신정동,소매,잡화,58,472845,53184,9436,65187,6.5,8,11
200136,수유 상권,수유동,음식,중식,187,231144,26574,4430,15676,7.5,1,2
200137,선릉 상권,선릉동,서비스,세탁,97,949005,55540,26280,38400,1.5,9,7
200138,건대입구 상권,건대입구동,소매,의류,66,961420,47028,33123,40573,9.8,14,7
200139,종로3가 상권,종로3가동,서비스,학원,182,860694,16899,16934,41197,6.3,13,9
200140,종로3가 상권,종로3가동,서비스,미용,198,732736,45513,15199,53948,6.5,7,0
200141,사당 상권,사당동,소매,잡화,151,604736,28172,8657,28425,7.1,8,2
200142,명동 상권,명동동,서비스,학원,149,345804,12222,38443,37701,8.7,11,8
200143,청량리 상권,청량리동,소매,화장품,58,377304,19602,38784,28931,0.8,8,8
200144,잠실 상권,잠실동,소매,화장품,153,608030,6133,15663,24754,7.4,10,1
200145,이태원 상권,이태원동,음식,일식,57,922388,23452,39001,12516,5.1,13,2
200146,상도 상권,상도동,소매,의류,69,299690,28572,35080,10314,8.7,12,0
200147,신정 상권,신정동,소매,편의점,42,476346,53756,33088,29292,7.0,11,5
200148,당산 상권,당산동,소매,서점,74,124553,4808,13713,5719,3.7,14,6
200149,상봉 상권,상봉동,서비스,학원,41,214134,12177,22727,63461,3.6,9,0
200150,압구정 상권,압구정동,소매,의류,117,375996,3007,6445,79242,7.7,10,8
200151,홍대입구 상권,홍대입구동,소매,잡화,89,281758,27821,27660,8084,8.0,4,3
200152,상봉 상권,상봉동,소매,편의점,41,960229,10073,10077,23953,1.2,2,1
200153,구로디지털 상권,구로디지털동,소매,서점,193,534090,23730,22427,30083,0.7,11,0
200154,이태원 상권,이태원동,소매,화장품,87,277286,46569,12745,29029,5.0,4,0
200155,명동 상권,명동동,음식,한식,68,774238,43846,36612,78932,3.3,2,3
200156,성북 상권,성북동,소매,화장품,110,487629,49851,29087,36756,9.5,5,10
200157,목동 상권,목동동,서비스,수리,160,842058,9424,13857,22982,7.6,3,0
200158,구의 상권,구의동,서비스,숙박,56,805271,23563,6776,39444,7.9,11,1
200159,목동 상권,목동동,소매,화장품,122,657167,40827,6655,47859,9.7,4,8
200160,미아 상권,미아동,서비스,미용,155,129083,53027,35531,11712,2.4,9,11
200161,성북 상권,성북동,서비스,학원,146,806097,56615,17967,32759,4.8,8,4
200162,상봉 상권,상봉동,서비스,세탁,139,438590,43125,27143,9154,7.1,1,11
200163,이태원 상권,이태원동,음식,양식,117,780664,45408,39559,77319,5.1,12,3
200164,강남역 상권,강남역동,서비스,세탁,126,623441,8368,28424,48004,1.3,13,3
200165,상도 상권,상도동,서비스,세탁,195,728758,34857,11361,71577,0.9,12,0
200166,압구정 상권,압구정동,소매,서점,152,445141,20440,27015,36320,7.2,8,7
200167,상봉 상권,상봉동,서비스,숙박,91,897982,26826,36198,29630,6.8,4,5
200168,상도 상권,상도동,서비스,세탁,156,148818,58446,22288,39877,1.3,6,11
200169,신대방 상권,신대방동,음식,한식,74,133186,28745,32890,23022,5.0,13,7
200170,중랑 상권,중랑동,소매,서점,61,689282,26363,21049,78717,7.3,6,4
200171,청량리 상권,청량리동,음식,양식,160,391705,10946,29706,48500,1.2,1,6
200172,성수 상권,성수동,음식,분식,188,633609,2956,35839,77131,6.5,12,11
200173,미아 상권,미아동,서비스,미용,125,770488,8563,26849,34860,4.3,4,1
200174,수유 상권,수유동,서비스,숙박,35,979705,31426,18778,48241,9.2,12,2
200175,선릉 상권,선릉동,서비스,학원,172,893488,29490,20975,29723,9.1,7,9
200176,성수 상권,성수동,서비스,세탁,148,863348,46965,5648,38133,1.4,13,7
200177,신촌 상권,신촌동,음식,일식,159,250422,47893,36984,64272,9.7,2,2
200178,잠실 상권,잠실동,음식,한식,197,398619,34419,13588,55233,1.2,14,9
200179,중랑 상권,중랑동,서비스,숙박,123,69816,44240,7276,26499,7.2,6,3
200180,당산 상권,당산동,음식,양식,194,232958,8116,16563,12847,8.2,12,5
200181,성수 상권,성수동,소매,서점,177,987841,18001,1968,50614,2.7,10,0
200182,신대방 상권,신대방동,소매,서점,88,210928,11200,34997,28611,1.9,5,1
200183,청량리 상권,청량리동,소매,화장품,155,701233,47272,24857,64212,8.7,8,10
200184,상봉 상권,상봉동,소매,잡화,67,62115,41062,23911,35556,1.9,2,9
200185,당산 상권,당산동,소매,의류,114,697296,43974,24196,16669,8.7,6,1
200186,강남역 상권,강남역동,소매,의류,187,498625,30625,16504,27089,8.8,8,0
200187,성수 상권,성수동,소매,편의점,75,998163,37840,32890,50055,8.4,5,8
200188,상도 상권,상도동,서비스,숙박,92,579992,9848,22592,75460,7.9,13,8
200189,종로3가 상권,종로3가동,서비스,학원,131,603453,3667,27213,7114,8.2,2,8
200190,신대방 상권,신대방동,소매,서점,104,840144,3367,27200,54924,3.6,12,9
200191,신촌 상권,신촌동,소매,서점,176,609931,33324,39360,11927,4.0,12,5
200192,상도 상권,상도동,소매,화장품,139,503449,27537,36757,25612,8.7,2,5
200193,당산 상권,당산동,음식,분식,183,185832,34779,22636,56551,6.0,12,3
200194,수유 상권,수유동,소매,의류,137,915146,41338,25596,36174,4.6,5,11
200195,수유 상권,수유동,음식,일식,80,946782,47379,14076,40650,1.5,13,3
200196,왕십리 상권,왕십리동,음식,일식,56,748012,8894,14467,34010,6.0,10,3
200197,미아 상권,미아동,서비스,세탁,106,990675,36905,21829,47139,2.2,13,6
200198,청량리 상권,청량리동,음식,중식,71,169735,26611,13149,62189,5.7,8,9
200199,수유 상권,수유동,소매,서점,148,246501,25669,35068,12435,2.7,9,9
200200,청량리 상권,청량리동,서비스,미용,154,605689,8295,36993,37084,3.4,8,2
200201,건대입구 상권,건대입구동,소매,의류,118,377825,39778,17035,68481,4.8,2,4
200202,수유 상권,수유동,음식,양식,137,67633,31344,18014,52104,2.2,5,2
200203,당산 상권,당산동,소매,화장품,167,255768,29213,8421,20727,1.8,5,1
200204,명동 상권,명동동,서비스,학원,196,701176,34496,30371,54501,1.5,10,5
200205,노량진 상권,노량진동,소매,서점,65,947767,48820,8843,17210,4.3,1,10
200206,이태원 상권,이태원동,음식,일식,42,122240,5713,6051,13756,1.2,5,7
200207,이태원 상권,이태원동,서비스,수리,73,543948,47113,9533,8249,9.9,2,5
200208,천호 상권,천호동,소매,의류,59,365507,34007,1661,47843,1.3,5,8
200209,신대방 상권,신대방동,서비스,미용,84,306911,5083,30328,49479,6.8,4,2
200210,왕십리 상권,왕십리동,서비스,학원,52,677035,57922,30301,65711,5.6,9,4
200211,목동 상권,목동동,서비스,세탁,61,169968,52164,12023,13699,7.9,2,3
200212,강남역 상권,강남역동,소매,의류,95,265400,51492,36585,33682,2.8,1,10
200213,명동 상권,명동동,서비스,세탁,84,664661,19826,25981,68450,6.0,12,4
200214,목동 상권,목동동,서비스,숙박,78,717689,27169,22932,37594,6.9,10,5
200215,명동 상권,명동동,소매,잡화,43,517016,14686,25226,9721,2.0,3,1
200216,구로디지털 상권,구로디지털동,서비스,세탁,54,961297,10984,30984,76822,5.1,14,5
200217,구로디지털 상권,구로디지털동,음식,일식,160,740658,53112,24429,53200,6.8,2,7
200218,여의도 상권,여의도동,서비스,숙박,54,606110,48659,24563,10967,1.7,12,3
200219,상봉 상권,상봉동,음식,일식,163,429551,20268,13330,63545,6.7,3,2
200220,잠실 상권,잠실동,소매,의류,39,416936,55889,37618,52841,1.0,8,8
200221,신대방 상권,신대방동,소매,편의점,128,766948,7448,29861,31141,1.5,12,0
200222,건대입구 상권,건대입구동,소매,편의점,130,477387,43779,4292,15411,8.6,2,4
200223,목동 상권,목동동,소매,서점,36,539626,28715,28605,34174,7.5,6,4
200224,미아 상권,미아동,소매,의류,91,664106,8548,38605,76294,6.0,7,9
200225,청량리 상권,청량리동,소매,서점,94,110428,24740,25817,59532,2.4,5,3
200226,천호 상권,천호동,소매,편의점,168,185870,24420,30300,13749,1.9,4,11
200227,상봉 상권,상봉동,소매,편의점,186,987381,57316,31911,35784,6.8,9,0
200228,홍대입구 상권,홍대입구동,음식,한식,39,664641,22281,29671,54431,4.9,11,6
200229,홍대입구 상권,홍대입구동,소매,편의점,108,57099,55078,26431,59492,1.9,12,0
200230,신대방 상권,신대방동,음식,분식,116,113530,38224,8788,31082,1.2,8,0
200231,잠실 상권,잠실동,음식,중식,188,689341,50355,10866,73067,7.9,7,2
200232,당산 상권,당산동,소매,화장품,34,288340,41261,11759,8439,4.5,12,0
200233,압구정 상권,압구정동,음식,한식,78,232051,34125,7979,29189,1.2,9,9
200234,신대방 상권,신대방동,서비스,세탁,39,609252,22131,26227,8978,9.8,6,4
200235,왕십리 상권,왕십리동,서비스,수리,39,620126,25953,27806,48000,4.0,11,11
200236,상도 상권,상도동,음식,중식,51,521027,4461,15291,49804,6.9,3,0
200237,청량리 상권,청량리동,음식,양식,151,174447,56493,11736,40643,9.2,2,4
200238,선릉 상권,선릉동,서비스,학원,155,916183,35069,24911,58533,7.9,12,10
200239,성북 상권,성북동,서비스,수리,118,617829,25387,29444,51908,2.1,13,4
200240,수유 상권,수유동,소매,의류,124,534814,38850,21567,32739,7.5,11,4
200241,중랑 상권,중랑동,음식,양식,147,396130,18406,30725,8926,6.0,9,4
200242,수유 상권,수유동,서비스,세탁,173,465872,57147,26860,52666,9.9,8,2
200243,노량진 상권,노량진동,서비스,수리,39,739556,38735,15566,28498,7.0,13,8
200244,목동 상권,목동동,서비스,세탁,119,566409,12805,36851,29832,0.6,9,1
200245,여의도 상권,여의도동,음식,일식,104,742111,36546,25286,8110,5.0,3,4
200246,상도 상권,상도동,소매,서점,161,681827,20313,2013,26705,4.2,5,5
200247,압구정 상권,압구정동,소매,서점,67,638717,40659,34848,40804,1.4,7,6
200248,건대입구 상권,건대입구동,음식,양식,109,466441,31750,7643,39727,6.2,2,1
200249,신림 상권,신림동,소매,잡화,89,421602,46848,4390,8997,1.9,8,11
200250,미아 상권,미아동,서비스,학원,188,820915,50831,11258,60775,4.0,14,6
200251,천호 상권,천호동,소매,편의점,175,411278,3651,20194,28051,7.5,11,8
200252,당산 상권,당산동,서비스,학원,190,503008,47253,35051,52811,8.0,11,5
200253,수유 상권,수유동,서비스,숙박,104,457688,47657,4471,11329,3.7,13,10
200254,천호 상권,천호동,서비스,학원,110,795466,20284,19994,26284,1.0,3,9
200255,신림 상권,신림동,음식,분식,93,334580,44963,3096,28279,5.1,6,9
200256,건대입구 상권,건대입구동,서비스,세탁,192,406992,4839,4384,46619,7.8,6,11
200257,성수 상권,성수동,음식,일식,181,636712,47603,24252,4431,1.0,14,5
200258,당산 상권,당산동,소매,화장품,43,198087,52057,33591,12833,8.5,6,11
200259,사당 상권,사당동,음식,일식,136,708003,42785,19681,53026,1.8,4,1
200260,강남역 상권,강남역동,소매,의류,189,975431,50330,2171,68428,1.0,12,7
200261,구로디지털 상권,구로디지털동,음식,분식,87,301924,30228,35521,29928,4.9,9,4
200262,성수 상권,성수동,음식,분식,198,318448,9345,30300,27259,4.5,9,6
200263,성북 상권,성북동,소매,편의점,110,256487,34316,34340,10521,4.3,11,8
200264,신촌 상권,신촌동,서비스,미용,46,510385,52669,13485,72184,4.6,5,1
200265,성북 상권,성북동,음식,중식,103,639921,13407,31575,15924,7.6,12,7
200266,수유 상권,수유동,서비스,숙박,88,98777,18994,2727,62634,8.0,7,4
200267,목동 상권,목동동,서비스,숙박,139,915139,32933,6774,75055,1.7,6,3
200268,당산 상권,당산동,서비스,수리,154,339768,8823,19489,42961,5.8,2,8
200269,청량리 상권,청량리동,서비스,수리,73,597936,52729,19658,24253,4.0,7,8
200270,신정 상권,신정동,서비스,수리,176,712212,31450,3551,74947,5.5,8,11
200271,당산 상권,당산동,음식,일식,114,450455,8710,22384,24038,2.4,14,7
200272,상봉 상권,상봉동,서비스,숙박,41,130257,21206,38711,9530,3.9,11,1
200273,종로3가 상권,종로3가동,서비스,미용,158,825158,25551,34380,20071,1.9,4,5
200274,구로디지털 상권,구로디지털동,서비스,수리,61,962008,17149,26150,34852,9.8,5,1
200275,건대입구 상권,건대입구동,서비스,세탁,88,582726,22095,17154,11004,5.8,1,3
200276,구의 상권,구의동,서비스,세탁,155,569165,25172,33994,18036,3.7,9,3
200277,이태원 상권,이태원동,서비스,수리,89,656123,58696,31090,55142,6.7,9,4
200278,청량리 상권,청량리동,서비스,수리,105,62763,43945,5079,39116,1.6,10,0
200279,여의도 상권,여의도동,소매,잡화,63,226168,8450,14230,32009,7.6,9,6
200280,왕십리 상권,왕십리동,서비스,미용,98,236987,20058,12101,43718,2.9,1,3
200281,중랑 상권,중랑동,서비스,세탁,197,715847,2155,2958,79229,8.6,12,0
200282,압구정 상권,압구정동,소매,화장품,33,804105,24424,38396,74906,7.7,5,3
200283,구로디지털 상권,구로디지털동,음식,한식,128,100939,31516,11449,53290,9.1,11,10
200284,신대방 상권,신대방동,소매,화장품,127,196295,8701,3597,68677,8.7,8,2
200285,신림 상권,신림동,서비스,수리,113,813760,10472,24383,64709,9.2,7,5
200286,왕십리 상권,왕십리동,음식,양식,139,589570,21330,22778,27264,8.5,13,6
200287,구로디지털 상권,구로디지털동,소매,편의점,153,260294,31304,14074,55142,4.8,8,5
200288,여의도 상권,여의도동,음식,일식,197,617760,51437,7816,67307,3.4,11,4
200289,명동 상권,명동동,음식,양식,107,175149,34808,6827,35762,9.1,8,1
200290,사당 상권,사당동,음식,한식,149,167886,7374,22174,26567,2.8,1,11
200291,명동 상권,명동동,소매,의류,178,755860,15615,8851,19288,7.5,9,8
200292,건대입구 상권,건대입구동,소매,편의점,94,532604,35110,33174,9581,4.6,9,2
200293,상도 상권,상도동,음식,분식,80,813429,32483,13466,31803,6.9,12,11
200294,건대입구 상권,건대입구동,서비스,숙박,96,585381,48571,1193,20569,5.0,9,0
200295,압구정 상권,압구정동,소매,편의점,174,974220,23259,29933,7378,1.8,12,9
200296,강남역 상권,강남역동,음식,분식,138,511552,31538,31119,76869,6.3,13,3
200297,청량리 상권,청량리동,음식,분식,78,460925,56128,18543,40418,8.5,1,9
200298,신촌 상권,신촌동,음식,분식,91,343481,7482,28005,53952,8.3,1,8
200299,천호 상권,천호동,음식,양식,88,426742,51334,4112,25054,5.2,11,2
200300,종로3가 상권,종로3가동,음식,분식,30,897467,10210,13743,63348,7.3,12,0
200301,선릉 상권,선릉동,서비스,숙박,37,425960,15146,14654,55893,2.9,7,0
200302,수유 상권,수유동,서비스,세탁,97,263981,5744,25995,19977,1.4,12,7
200303,목동 상권,목동동,음식,한식,105,487625,26306,20086,17376,9.4,13,8
200304,노량진 상권,노량진동,서비스,수리,104,305948,11101,13497,73194,9.2,9,6
200305,당산 상권,당산동,소매,잡화,184,112068,13777,35396,33373,8.4,14,7
200306,홍대입구 상권,홍대입구동,음식,한식,41,560370,4282,35624,51438,6.0,10,4
200307,여의도 상권,여의도동,서비스,미용,156,693294,41832,8446,53583,6.7,12,4
200308,성북 상권,성북동,소매,의류,193,544178,38268,25950,39788,8.7,14,11
200309,성수 상권,성수동,서비스,수리,185,757755,41758,4134,18434,6.0,10,10
200310,구의 상권,구의동,서비스,숙박,153,791280,44903,37129,43603,4.6,4,4
200311,청량리 상권,청량리동,음식,한식,76,749539,7906,18297,5011,0.6,11,10
200312,천호 상권,천호동,음식,분식,165,444145,13951,27039,20438,7.0,13,1
200313,잠실 상권,잠실동,서비스,수리,96,695194,6652,25323,10597,0.8,11,9
200314,신림 상권,신림동,서비스,수리,154,165598,55492,3169,25052,9.6,5,2
200315,신대방 상권,신대방동,서비스,숙박,47,252747,8344,19800,28372,3.2,14,3
200316,천호 상권,천호동,음식,일식,98,446452,17848,3352,4932,5.6,6,4
200317,신정 상권,신정동,소매,화장품,160,424313,11569,5857,3340,3.8,12,4
200318,성수 상권,성수동,소매,잡화,158,674219,32654,26879,58778,1.9,2,10
200319,건대입구 상권,건대입구동,소매,서점,46,921522,22219,35919,77965,5.9,10,2
200320,잠실 상권,잠실동,소매,서점,37,706667,16852,26232,38428,5.7,3,10
200321,여의도 상권,여의도동,서비스,수리,83,838140,5630,20595,79021,1.7,11,6
200322,당산 상권,당산동,음식,한식,49,640381,31689,14893,69418,4.9,12,11
200323,목동 상권,목동동,서비스,세탁,131,471280,59277,14527,5454,4.2,11,8
200324,신림 상권,신림동,서비스,미용,111,464299,20354,23190,9142,6.1,7,2
200325,왕십리 상권,왕십리동,소매,편의점,101,918467,41852,9016,5384,8.5,8,2
200326,이태원 상권,이태원동,소매,화장품,98,816988,27518,25045,53876,9.3,2,5
200327,중랑 상권,중랑동,서비스,수리,96,692613,21337,23313,29943,3.3,12,1
200328,사당 상권,사당동,소매,편의점,76,339954,14306,11503,39976,1.4,14,6
200329,명동 상권,명동동,음식,일식,54,452980,57296,21620,45727,9.4,12,8
200330,강남역 상권,강남역동,소매,의류,133,799078,13528,22281,57189,3.2,4,5
200331,종로3가 상권,종로3가동,소매,화장품,171,607243,46716,11207,70628,9.6,11,5
200332,왕십리 상권,왕십리동,서비스,미용,148,193521,26297,16717,49092,6.8,12,1
200333,신촌 상권,신촌동,소매,화장품,147,937516,25782,29454,70904,5.7,14,4
200334,선릉 상권,선릉동,음식,양식,82,504418,25864,31750,79112,7.3,14,9
200335,노량진 상권,노량진동,서비스,숙박,177,50159,14145,16373,34921,7.3,4,4
200336,청량리 상권,청량리동,소매,잡화,88,907558,58071,6585,77763,5.2,14,1
200337,상봉 상권,상봉동,서비스,수리,134,522779,50688,25142,57238,2.3,13,9
200338,상봉 상권,상봉동,서비스,미용,116,112551,16087,23440,38205,2.8,9,11
200339,종로3가 상권,종로3가동,음식,한식,136,606690,55384,6793,8571,8.0,3,2
200340,천호 상권,천호동,서비스,숙박,194,290016,34441,35716,65368,9.3,9,7
200341,신대방 상권,신대방동,서비스,학원,178,148538,17372,30796,61272,3.1,11,0
200342,건대입구 상권,건대입구동,소매,편의점,123,776728,14820,17211,8842,6.6,10,0
200343,잠실 상권,잠실동,서비스,숙박,70,641202,54526,2519,8355,0.5,7,8
200344,선릉 상권,선릉동,서비스,학원,170,161715,28654,16233,32320,6.7,11,5
200345,청량리 상권,청량리동,서비스,미용,129,388540,44838,19156,60505,4.2,8,6
200346,건대입구 상권,건대입구동,서비스,수리,57,295739,21604,17923,50591,4.9,1,3
200347,여의도 상권,여의도동,소매,화장품,42,338816,6213,11293,58860,3.0,5,9
200348,구로디지털 상권,구로디지털동,음식,분식,131,854631,38609,9016,42779,9.5,3,8
200349,명동 상권,명동동,소매,편의점,41,741381,56131,25087,15828,4.9,4,9
200350,당산 상권,당산동,서비스,미용,113,414662,21611,12950,79240,5.5,10,11
200351,신정 상권,신정동,서비스,학원,199,645642,53374,31116,23447,3.7,9,0
200352,신대방 상권,신대방동,서비스,숙박,86,725453,8155,34487,58668,6.6,7,3
200353,수유 상권,수유동,소매,편의점,189,578714,25303,28606,50832,3.3,13,5
200354,신정 상권,신정동,소매,서점,186,142769,23729,32131,55428,7.6,7,11
200355,상도 상권,상도동,서비스,미용,148,192980,28423,10171,64215,1.2,9,0
200356,신정 상권,신정동,서비스,숙박,135,389384,34793,32226,58751,6.5,12,10
200357,종로3가 상권,종로3가동,음식,한식,81,831413,34983,24989,78451,5.6,9,1
200358,상도 상권,상도동,음식,중식,34,318083,49464,36063,79721,3.4,2,9
200359,여의도 상권,여의도동,서비스,학원,163,245877,46605,20029,42121,5.7,14,2
200360,미아 상권,미아동,서비스,학원,37,913659,2492,28882,11811,8.5,11,1
200361,종로3가 상권,종로3가동,소매,잡화,99,78328,49375,13867,62234,5.2,8,10
200362,상도 상권,상도동,서비스,미용,105,137178,43316,39870,33873,0.6,12,2
200363,중랑 상권,중랑동,소매,서점,127,346208,31290,15122,27820,9.6,2,6
200364,압구정 상권,압구정동,음식,중식,37,650541,38191,11211,66069,6.6,7,0
200365,신정 상권,신정동,서비스,학원,115,208763,14424,19852,25601,8.0,12,11
200366,노량진 상권,노량진동,소매,화장품,199,637515,6967,19753,23022,7.4,11,5
200367,잠실 상권,잠실동,소매,편의점,122,811282,22331,19060,69732,1.6,9,5
200368,청량리 상권,청량리동,소매,화장품,63,440642,4176,21127,56574,4.0,4,3
200369,여의도 상권,여의도동,서비스,수리,128,53696,22058,21313,22149,6.4,13,3
200370,중랑 상권,중랑동,음식,양식,111,638099,54160,16417,27729,9.2,4,6
200371,노량진 상권,노량진동,소매,화장품,70,529336,48980,35681,67789,8.7,13,8
200372,중랑 상권,중랑동,음식,양식,85,96002,51812,23626,62979,7.7,3,11
200373,신촌 상권,신촌동,소매,의류,69,319956,6557,3179,46798,5.0,2,3
200374,선릉 상권,선릉동,음식,한식,141,143330,30783,17998,16869,2.5,9,10
200375,건대입구 상권,건대입구동,서비스,수리,194,228048,17042,26966,48095,1.0,4,1
200376,중랑 상권,중랑동,서비스,숙박,96,197745,59272,28056,9614,0.9,4,6
200377,선릉 상권,선릉동,음식,분식,91,218616,51976,33252,6832,1.1,6,4
200378,구의 상권,구의동,서비스,학원,90,874834,59727,39578,25318,2.3,12,5
200379,신림 상권,신림동,소매,잡화,198,207636,24412,28990,54001,3.4,14,4
200380,구의 상권,구의동,소매,화장품,155,267583,38218,8214,30127,7.7,6,4
200381,압구정 상권,압구정동,음식,양식,60,769785,5273,38306,33881,7.9,9,0
200382,종로3가 상권,종로3가동,서비스,미용,46,793859,15422,33920,14156,5.8,1,0
200383,구의 상권,구의동,소매,잡화,110,322872,31566,30783,23583,2.2,7,10
200384,이태원 상권,이태원동,음식,중식,196,607564,52813,37432,22873,8.2,13,8
200385,선릉 상권,선릉동,서비스,숙박,81,478276,3538,37176,44520,7.4,13,6
200386,강남역 상권,강남역동,음식,양식,44,397235,52719,34919,76155,4.2,3,10
200387,목동 상권,목동동,소매,의류,62,231517,6769,38564,48814,2.7,11,2
200388,이태원 상권,이태원동,음식,한식,197,715938,20624,1389,70391,7.3,3,11
200389,왕십리 상권,왕십리동,소매,화장품,118,250339,58414,17835,30798,3.5,6,2
200390,구의 상권,구의동,음식,양식,143,336479,13254,22074,14442,0.6,8,11
200391,강남역 상권,강남역동,음식,일식,155,295300,28500,33026,19523,6.4,1,4
200392,구의 상권,구의동,서비스,학원,147,313031,33802,20488,29049,2.5,7,3
200393,강남역 상권,강남역동,음식,일식,164,917918,47270,10741,25931,3.1,2,9
200394,사당 상권,사당동,음식,중식,91,678380,34969,11561,19901,5.7,12,8
200395,잠실 상권,잠실동,서비스,세탁,198,457472,54954,23192,31230,3.0,10,1
200396,구의 상권,구의동,소매,의류,153,246375,12825,23693,7117,1.9,7,6
200397,신정 상권,신정동,음식,일식,70,161541,53347,30267,29990,5.8,5,1
200398,성북 상권,성북동,소매,화장품,39,62360,47536,30231,48800,5.5,11,11
200399,홍대입구 상권,홍대입구동,음식,일식,94,576930,44137,15296,58561,6.3,11,5
200400,신림 상권,신림동,음식,양식,51,929459,59953,19845,58276,4.4,1,3
200401,신촌 상권,신촌동,음식,한식,193,902050,3920,12683,79872,8.5,10,5
200402,왕십리 상권,왕십리동,서비스,미용,103,132289,52970,19485,22874,9.0,5,8
200403,당산 상권,당산동,소매,잡화,122,183498,59416,25473,71498,6.1,1,10
200404,구의 상권,구의동,음식,중식,197,846710,26944,2134,65943,9.2,1,8
200405,구로디지털 상권,구로디지털동,음식,양식,63,162935,12442,9252,30586,2.5,1,10
200406,왕십리 상권,왕십리동,서비스,세탁,111,731509,6370,6283,10610,3.2,8,2
200407,노량진 상권,노량진동,서비스,미용,149,525738,46781,31471,36458,7.8,1,8
200408,중랑 상권,중랑동,서비스,수리,118,525430,40256,21411,46803,9.2,5,8
200409,상봉 상권,상봉동,소매,서점,31,566540,22025,5458,66610,7.2,10,7
200410,건대입구 상권,건대입구동,서비스,숙박,136,55668,27934,8697,27417,5.3,11,9
200411,구의 상권,구의동,음식,일식,164,151948,56122,30493,76539,2.5,1,6
200412,명동 상권,명동동,서비스,세탁,150,903605,33781,14652,8103,5.4,1,9
200413,당산 상권,당산동,음식,중식,138,359550,17954,18186,15356,0.6,12,11
200414,신정 상권,신정동,서비스,미용,50,476044,28489,15387,72463,8.0,7,6
200415,잠실 상권,잠실동,서비스,세탁,135,111753,21238,12087,33816,3.5,13,8
200416,이태원 상권,이태원동,소매,서점,64,106358,2661,36240,35854,8.5,7,2
200417,미아 상권,미아동,음식,한식,58,929854,3700,29246,26199,7.1,7,0
200418,신대방 상권,신대방동,음식,중식,163,589243,46049,14917,73293,5.6,14,0
200419,미아 상권,미아동,소매,의류,151,149977,49086,25690,46939,1.6,10,11
200420,종로3가 상권,종로3가동,서비스,수리,147,357086,5453,38275,57935,6.4,13,8
200421,수유 상권,수유동,음식,한식,48,150546,16665,38865,11640,2.4,2,2
200422,선릉 상권,선릉동,서비스,미용,191,775084,14207,1238,35972,7.1,5,6
200423,청량리 상권,청량리동,서비스,미용,100,170076,17810,6126,33009,5.3,5,0
200424,천호 상권,천호동,서비스,미용,54,697418,52940,33130,43142,8.9,11,9
200425,당산 상권,당산동,음식,일식,102,101831,55056,34272,17671,2.4,12,2
200426,성북 상권,성북동,음식,분식,112,230882,39825,30100,7994,0.6,14,8
200427,압구정 상권,압구정동,서비스,수리,157,494975,43153,12999,5581,5.1,9,7
200428,건대입구 상권,건대입구동,소매,잡화,145,585352,13312,38548,39945,4.1,13,5
200429,수유 상권,수유동,음식,양식,96,653986,51154,9397,25335,6.3,7,3
200430,신정 상권,신정동,소매,의류,136,433071,10026,4306,36665,6.8,1,8
200431,당산 상권,당산동,소매,잡화,90,749895,15006,27531,24639,4.5,10,4
200432,왕십리 상권,왕십리동,음식,중식,128,113972,56482,25255,44003,7.6,7,11
200433,사당 상권,사당동,소매,잡화,163,158944,30047,11966,20374,6.2,10,3
200434,노량진 상권,노량진동,음식,분식,91,134811,38284,33821,54727,2.4,11,8
200435,압구정 상권,압구정동,음식,양식,159,248237,12973,7859,44609,5.3,1,9
200436,홍대입구 상권,홍대입구동,서비스,숙박,144,280233,6886,8485,34455,4.6,14,5
200437,구의 상권,구의동,소매,화장품,195,848658,29869,23588,34709,3.1,12,4
200438,상도 상권,상도동,서비스,학원,184,429747,29526,8957,55198,7.9,4,6
200439,신대방 상권,신대방동,서비스,숙박,130,203939,2203,17544,18899,2.6,5,5
200440,이태원 상권,이태원동,음식,분식,125,514462,44500,20259,38959,8.7,6,8
200441,청량리 상권,청량리동,서비스,수리,186,652566,14391,37940,31901,1.4,8,10
200442,강남역 상권,강남역동,서비스,학원,67,871935,32746,28923,78403,3.6,11,9
200443,명동 상권,명동동,음식,양식,192,554158,30302,20212,66344,9.6,11,10
200444,여의도 상권,여의도동,소매,화장품,187,195406,31179,7644,35933,0.7,8,1
200445,천호 상권,천호동,소매,화장품,128,828754,48287,22188,79312,1.2,13,2
200446,종로3가 상권,종로3가동,서비스,세탁,90,351994,58984,39163,14094,9.3,14,1
200447,신대방 상권,신대방동,음식,양식,162,160130,24164,36595,33257,6.7,1,9
200448,목동 상권,목동동,서비스,미용,43,588314,55535,29554,33908,6.9,7,5
200449,상봉 상권,상봉동,소매,화장품,50,272123,38484,37182,3570,7.1,9,5
200450,노량진 상권,노량진동,서비스,수리,94,901007,8982,19062,19999,7.2,6,1
200451,수유 상권,수유동,음식,분식,171,299265,46435,5529,15192,6.3,11,11
200452,압구정 상권,압구정동,서비스,숙박,195,249298,42091,4255,60433,4.3,13,1
200453,잠실 상권,잠실동,음식,중식,65,860421,44570,25519,25439,6.1,4,7
200454,중랑 상권,중랑동,서비스,미용,157,494755,31299,26517,25250,2.5,13,10
200455,수유 상권,수유동,소매,서점,117,315471,56782,30768,67418,2.4,5,9
200456,천호 상권,천호동,소매,편의점,37,477214,29230,10076,72341,1.7,12,6
200457,여의도 상권,여의도동,소매,잡화,46,85903,8953,33093,37314,8.0,7,11
200458,상도 상권,상도동,서비스,수리,49,250753,34101,3775,48619,4.7,4,2
200459,잠실 상권,잠실동,서비스,미용,69,796055,56567,38099,78831,2.0,11,7
200460,중랑 상권,중랑동,서비스,숙박,167,545654,46571,16408,60980,3.4,4,4
200461,상도 상권,상도동,서비스,숙박,111,547599,14453,19814,21263,2.0,7,5
200462,홍대입구 상권,홍대입구동,소매,화장품,75,453551,25741,11692,50295,6.0,8,7
200463,명동 상권,명동동,서비스,미용,94,528454,53934,26566,76193,8.3,10,4
200464,청량리 상권,청량리동,서비스,미용,51,705244,7208,34455,31018,9.9,1,9
200465,수유 상권,수유동,소매,서점,110,151407,37208,21519,34379,0.7,5,1
200466,선릉 상권,선릉동,음식,일식,67,460834,8587,32480,23527,4.4,7,6
200467,건대입구 상권,건대입구동,소매,편의점,91,608988,29500,3032,69788,5.3,13,8
200468,당산 상권,당산동,서비스,숙박,68,882583,50920,2695,6262,5.9,12,4
200469,미아 상권,미아동,소매,잡화,160,997436,8901,34487,11597,6.2,6,7
200470,신대방 상권,신대방동,서비스,미용,35,206877,28143,12874,17079,1.3,1,10
200471,중랑 상권,중랑동,소매,서점,81,725160,28910,30437,79537,5.5,6,3
200472,선릉 상권,선릉동,음식,중식,143,254720,43235,19931,3336,1.9,1,0
200473,수유 상권,수유동,음식,한식,181,249737,40215,39897,74386,0.9,14,7
200474,압구정 상권,압구정동,소매,의류,140,497244,26486,27096,74128,7.2,7,1
200475,성북 상권,성북동,서비스,미용,59,247478,30684,35524,36885,5.0,11,4
200476,미아 상권,미아동,음식,한식,197,817442,8771,17526,34923,5.3,5,6
200477,목동 상권,목동동,서비스,미용,86,867459,37464,35485,22456,8.1,11,1
200478,왕십리 상권,왕십리동,음식,일식,165,238487,20074,16549,32963,4.1,8,9
200479,미아 상권,미아동,소매,화장품,132,687790,24800,10940,72460,8.4,8,5
200480,성북 상권,성북동,서비스,학원,83,678423,27832,21706,16682,3.8,1,4
200481,신림 상권,신림동,서비스,수리,132,546283,12234,10221,14410,2.3,12,1
200482,이태원 상권,이태원동,소매,서점,144,278931,46757,12939,54257,4.8,10,0
200483,사당 상권,사당동,소매,잡화,112,530441,32971,26954,58021,1.2,11,11
200484,강남역 상권,강남역동,서비스,세탁,77,475767,12848,14255,7567,4.0,4,5
200485,성수 상권,성수동,소매,편의점,140,880351,18567,4358,79524,4.7,2,2
200486,상도 상권,상도동,서비스,세탁,102,911465,43875,33703,47041,2.2,8,4
200487,명동 상권,명동동,서비스,수리,142,230494,19570,13392,47724,2.9,2,6
200488,상봉 상권,상봉동,소매,잡화,116,174591,4230,7511,29177,2.3,10,4
200489,구의 상권,구의동,음식,일식,145,494709,40652,28790,43953,3.3,4,8
200490,여의도 상권,여의도동,음식,중식,162,699285,37440,30546,59683,7.5,4,10
200491,상봉 상권,상봉동,음식,일식,133,256486,59535,11377,56592,9.5,8,6
200492,종로3가 상권,종로3가동,음식,분식,151,897084,36484,34078,23922,9.8,13,4
200493,사당 상권,사당동,소매,의류,133,981515,4866,6898,21395,2.6,7,9
200494,선릉 상권,선릉동,소매,서점,154,637189,43691,4961,44574,9.7,5,7
200495,수유 상권,수유동,서비스,숙박,118,551323,52048,22031,78886,6.0,9,9
200496,성북 상권,성북동,서비스,학원,108,649248,38885,19412,65671,3.9,1,0
200497,성북 상권,성북동,서비스,학원,174,558069,15136,1589,64602,2.6,8,5
200498,중랑 상권,중랑동,소매,서점,188,321604,35783,10275,16269,1.2,7,8
200499,홍대입구 상권,홍대입구동,서비스,학원,49,120021,43669,3618,33143,6.4,4,0
200500,구의 상권,구의동,서비스,학원,164,851151,31227,8566,15306,7.8,12,2
